{"resolution":{"x":5,"y":5},"values":[[0.5,0.598688,0.689974,0.768525,0.832018],[0.401312,0.5,0.598688,0.689974,0.768525],[0.310026,0.401312,0.5,0.598688,0.689974],[0.231475,0.310026,0.401312,0.5,0.598688],[0.167982,0.231475,0.310026,0.401312,0.5]]}