{"dimension":2,"resolution":[5,5],"value": [[0.0282907,0.0282907,0.0282907,0.0282907,0.0282907],[0.0282907,0.0282907,0.0282907,0.0282907,0.0282907],[0.0282907,0.0282907,0.0282907,0.0282907,0.0282907],[0.0282907,0.0282907,0.0282907,0.0282907,0.0282907],[0.0282907,0.0282907,0.0282907,0.0282907,0.0282907]]}